category,images,small_large_disagreement_mse
dark_image,3,0.008501799311488867
glass_window,4,0.006327858631266281
indoor,2,0.005045195226557553
mirror,1,0.00466883834451437
outdoor,2,0.0024106700730044395
plain_wall,2,0.01599393121432513
shiny_metal,2,0.005290425266139209
very_close_object,2,0.002649794041644782
